{
    "$schema": "https://schema.management.azure.com/schemas/2015-01-01/deploymentParameters.json#",
    "contentVersion": "1.0.0.0",
    "parameters": {
        "IotHubs_IOTHUBAK2024_connectionString": {
            "value": null
        },
        "IotHubs_IOTHUBAK2024_containerName": {
            "value": null
        },
        "IotHubs_IOTHUBAK2024_name": {
            "value": null
        },
        "storageAccounts_storaccprojektak2024_name": {
            "value": null
        },
        "namespaces_servicebusprojektak2024_name": {
            "value": null
        },
        "streamingjobs_IOTAKProjektASA_name": {
            "value": null
        }
    }
}