{
    "$schema": "https://schema.management.azure.com/schemas/2019-04-01/deploymentTemplate.json#",
    "contentVersion": "1.0.0.0",
    "parameters": {
        "IotHubs_IOTHUBAK2024_connectionString": {
            "type": "SecureString"
        },
        "IotHubs_IOTHUBAK2024_containerName": {
            "type": "SecureString"
        },
        "IotHubs_IOTHUBAK2024_name": {
            "defaultValue": "IOTHUBAK2024",
            "type": "String"
        },
        "storageAccounts_storaccprojektak2024_name": {
            "defaultValue": "storaccprojektak2024",
            "type": "String"
        },
        "namespaces_servicebusprojektak2024_name": {
            "defaultValue": "servicebusprojektak2024",
            "type": "String"
        },
        "streamingjobs_IOTAKProjektASA_name": {
            "defaultValue": "IOTAKProjektASA",
            "type": "String"
        }
    },
    "variables": {},
    "resources": [
        {
            "type": "Microsoft.Devices/IotHubs",
            "apiVersion": "2023-06-30",
            "name": "[parameters('IotHubs_IOTHUBAK2024_name')]",
            "location": "westeurope",
            "sku": {
                "name": "F1",
                "tier": "Free",
                "capacity": 1
            },
            "identity": {
                "type": "None"
            },
            "properties": {
                "ipFilterRules": [],
                "eventHubEndpoints": {
                    "events": {
                        "retentionTimeInDays": 1,
                        "partitionCount": 2
                    }
                },
                "routing": {
                    "endpoints": {
                        "serviceBusQueues": [],
                        "serviceBusTopics": [],
                        "eventHubs": [],
                        "storageContainers": [
                            {
                                "connectionString": "DefaultEndpointsProtocol=https;EndpointSuffix=core.windows.net;AccountName=storageaccountak202324;AccountKey=****",
                                "containerName": "tempalerts",
                                "fileNameFormat": "{iothub}/{partition}/{YYYY}/{MM}/{DD}/{HH}/{mm}.json",
                                "batchFrequencyInSeconds": 100,
                                "maxChunkSizeInBytes": 104857600,
                                "encoding": "JSON",
                                "authenticationType": "keyBased",
                                "name": "TemperatureAlerts",
                                "id": "cf9fc434-4d12-465e-a01f-4dfe2be17e3f",
                                "subscriptionId": "5288fc2d-9455-4700-9252-90df6b539e40",
                                "resourceGroup": "ZajeciaIOTAK202324"
                            }
                        ],
                        "cosmosDBSqlContainers": []
                    },
                    "routes": [
                        {
                            "name": "TemperatureAlertsRoute",
                            "source": "DeviceMessages",
                            "condition": "$body.humidity > 70",
                            "endpointNames": [
                                "TemperatureAlerts"
                            ],
                            "isEnabled": true
                        }
                    ],
                    "fallbackRoute": {
                        "name": "$fallback",
                        "source": "DeviceMessages",
                        "condition": "true",
                        "endpointNames": [
                            "events"
                        ],
                        "isEnabled": true
                    }
                },
                "storageEndpoints": {
                    "$default": {
                        "sasTtlAsIso8601": "PT1H",
                        "connectionString": "[parameters('IotHubs_IOTHUBAK2024_connectionString')]",
                        "containerName": "[parameters('IotHubs_IOTHUBAK2024_containerName')]"
                    }
                },
                "messagingEndpoints": {
                    "fileNotifications": {
                        "lockDurationAsIso8601": "PT1M",
                        "ttlAsIso8601": "PT1H",
                        "maxDeliveryCount": 10
                    }
                },
                "enableFileUploadNotifications": false,
                "cloudToDevice": {
                    "maxDeliveryCount": 10,
                    "defaultTtlAsIso8601": "PT1H",
                    "feedback": {
                        "lockDurationAsIso8601": "PT1M",
                        "ttlAsIso8601": "PT1H",
                        "maxDeliveryCount": 10
                    }
                },
                "features": "GWV2, RootCertificateV2",
                "disableLocalAuth": false,
                "allowedFqdnList": [],
                "enableDataResidency": false
            }
        },
        {
            "type": "Microsoft.ServiceBus/namespaces",
            "apiVersion": "2022-10-01-preview",
            "name": "[parameters('namespaces_servicebusprojektak2024_name')]",
            "location": "westeurope",
            "sku": {
                "name": "Basic",
                "tier": "Basic"
            },
            "properties": {
                "premiumMessagingPartitions": 0,
                "minimumTlsVersion": "1.2",
                "publicNetworkAccess": "Enabled",
                "disableLocalAuth": false,
                "privateEndpointConnections": [],
                "zoneRedundant": false
            }
        },
        {
            "type": "Microsoft.Storage/storageAccounts",
            "apiVersion": "2023-04-01",
            "name": "[parameters('storageAccounts_storaccprojektak2024_name')]",
            "location": "westeurope",
            "sku": {
                "name": "Standard_LRS",
                "tier": "Standard"
            },
            "kind": "StorageV2",
            "properties": {
                "dnsEndpointType": "Standard",
                "defaultToOAuthAuthentication": false,
                "publicNetworkAccess": "Enabled",
                "allowCrossTenantReplication": false,
                "minimumTlsVersion": "TLS1_2",
                "allowBlobPublicAccess": false,
                "allowSharedKeyAccess": true,
                "networkAcls": {
                    "bypass": "AzureServices",
                    "virtualNetworkRules": [],
                    "ipRules": [],
                    "defaultAction": "Allow"
                },
                "supportsHttpsTrafficOnly": true,
                "encryption": {
                    "requireInfrastructureEncryption": false,
                    "services": {
                        "file": {
                            "keyType": "Account",
                            "enabled": true
                        },
                        "blob": {
                            "keyType": "Account",
                            "enabled": true
                        }
                    },
                    "keySource": "Microsoft.Storage"
                },
                "accessTier": "Hot"
            }
        },
        {
            "type": "Microsoft.StreamAnalytics/streamingjobs",
            "apiVersion": "2021-10-01-preview",
            "name": "[parameters('streamingjobs_IOTAKProjektASA_name')]",
            "location": "West Europe",
            "tags": {
                "hidden-link:/Microsoft.StreamAnalytics/streamingjobs/settings": "{\"createdFrom\":\"Portal\"}"
            },
            "sku": {
                "name": "StandardV2",
                "capacity": 10
            },
            "identity": {
                "type": "SystemAssigned"
            },
            "properties": {
                "sku": {
                    "name": "StandardV2"
                },
                "outputStartMode": "JobStartTime",
                "outputStartTime": "2024-05-11T15:26:07.743Z",
                "eventsOutOfOrderPolicy": "Adjust",
                "outputErrorPolicy": "Stop",
                "eventsOutOfOrderMaxDelayInSeconds": 0,
                "eventsLateArrivalMaxDelayInSeconds": 5,
                "dataLocale": "en-US",
                "compatibilityLevel": "1.2",
                "jobStorageAccount": {
                    "authenticationMode": "ConnectionString",
                    "accountName": "storaccprojektak2024"
                },
                "contentStoragePolicy": "SystemAccount",
                "jobType": "Cloud"
            }
        },
        {
            "type": "Microsoft.ServiceBus/namespaces/authorizationrules",
            "apiVersion": "2022-10-01-preview",
            "name": "[concat(parameters('namespaces_servicebusprojektak2024_name'), '/RootManageSharedAccessKey')]",
            "location": "westeurope",
            "dependsOn": [
                "[resourceId('Microsoft.ServiceBus/namespaces', parameters('namespaces_servicebusprojektak2024_name'))]"
            ],
            "properties": {
                "rights": [
                    "Listen",
                    "Manage",
                    "Send"
                ]
            }
        },
        {
            "type": "Microsoft.ServiceBus/namespaces/networkrulesets",
            "apiVersion": "2022-10-01-preview",
            "name": "[concat(parameters('namespaces_servicebusprojektak2024_name'), '/default')]",
            "location": "westeurope",
            "dependsOn": [
                "[resourceId('Microsoft.ServiceBus/namespaces', parameters('namespaces_servicebusprojektak2024_name'))]"
            ],
            "properties": {
                "publicNetworkAccess": "Enabled",
                "defaultAction": "Allow",
                "virtualNetworkRules": [],
                "ipRules": [],
                "trustedServiceAccessEnabled": false
            }
        },
        {
            "type": "Microsoft.ServiceBus/namespaces/queues",
            "apiVersion": "2022-10-01-preview",
            "name": "[concat(parameters('namespaces_servicebusprojektak2024_name'), '/deviceerrorsbus')]",
            "location": "westeurope",
            "dependsOn": [
                "[resourceId('Microsoft.ServiceBus/namespaces', parameters('namespaces_servicebusprojektak2024_name'))]"
            ],
            "properties": {
                "maxMessageSizeInKilobytes": 256,
                "lockDuration": "PT1M",
                "maxSizeInMegabytes": 1024,
                "requiresDuplicateDetection": false,
                "requiresSession": false,
                "defaultMessageTimeToLive": "P14D",
                "deadLetteringOnMessageExpiration": false,
                "enableBatchedOperations": true,
                "duplicateDetectionHistoryTimeWindow": "PT10M",
                "maxDeliveryCount": 10,
                "status": "Active",
                "autoDeleteOnIdle": "P10675199DT2H48M5.4775807S",
                "enablePartitioning": false,
                "enableExpress": false
            }
        },
        {
            "type": "Microsoft.ServiceBus/namespaces/queues",
            "apiVersion": "2022-10-01-preview",
            "name": "[concat(parameters('namespaces_servicebusprojektak2024_name'), '/kpibus')]",
            "location": "westeurope",
            "dependsOn": [
                "[resourceId('Microsoft.ServiceBus/namespaces', parameters('namespaces_servicebusprojektak2024_name'))]"
            ],
            "properties": {
                "maxMessageSizeInKilobytes": 256,
                "lockDuration": "PT1M",
                "maxSizeInMegabytes": 1024,
                "requiresDuplicateDetection": false,
                "requiresSession": false,
                "defaultMessageTimeToLive": "P14D",
                "deadLetteringOnMessageExpiration": false,
                "enableBatchedOperations": true,
                "duplicateDetectionHistoryTimeWindow": "PT10M",
                "maxDeliveryCount": 10,
                "status": "Active",
                "autoDeleteOnIdle": "P10675199DT2H48M5.4775807S",
                "enablePartitioning": false,
                "enableExpress": false
            }
        },
        {
            "type": "Microsoft.Storage/storageAccounts/blobServices",
            "apiVersion": "2023-04-01",
            "name": "[concat(parameters('storageAccounts_storaccprojektak2024_name'), '/default')]",
            "dependsOn": [
                "[resourceId('Microsoft.Storage/storageAccounts', parameters('storageAccounts_storaccprojektak2024_name'))]"
            ],
            "sku": {
                "name": "Standard_LRS",
                "tier": "Standard"
            },
            "properties": {
                "containerDeleteRetentionPolicy": {
                    "enabled": true,
                    "days": 7
                },
                "cors": {
                    "corsRules": []
                },
                "deleteRetentionPolicy": {
                    "allowPermanentDelete": false,
                    "enabled": true,
                    "days": 7
                }
            }
        },
        {
            "type": "Microsoft.Storage/storageAccounts/fileServices",
            "apiVersion": "2023-04-01",
            "name": "[concat(parameters('storageAccounts_storaccprojektak2024_name'), '/default')]",
            "dependsOn": [
                "[resourceId('Microsoft.Storage/storageAccounts', parameters('storageAccounts_storaccprojektak2024_name'))]"
            ],
            "sku": {
                "name": "Standard_LRS",
                "tier": "Standard"
            },
            "properties": {
                "protocolSettings": {
                    "smb": {}
                },
                "cors": {
                    "corsRules": []
                },
                "shareDeleteRetentionPolicy": {
                    "enabled": true,
                    "days": 7
                }
            }
        },
        {
            "type": "Microsoft.Storage/storageAccounts/queueServices",
            "apiVersion": "2023-04-01",
            "name": "[concat(parameters('storageAccounts_storaccprojektak2024_name'), '/default')]",
            "dependsOn": [
                "[resourceId('Microsoft.Storage/storageAccounts', parameters('storageAccounts_storaccprojektak2024_name'))]"
            ],
            "properties": {
                "cors": {
                    "corsRules": []
                }
            }
        },
        {
            "type": "Microsoft.Storage/storageAccounts/tableServices",
            "apiVersion": "2023-04-01",
            "name": "[concat(parameters('storageAccounts_storaccprojektak2024_name'), '/default')]",
            "dependsOn": [
                "[resourceId('Microsoft.Storage/storageAccounts', parameters('storageAccounts_storaccprojektak2024_name'))]"
            ],
            "properties": {
                "cors": {
                    "corsRules": []
                }
            }
        },
        {
            "type": "Microsoft.StreamAnalytics/streamingjobs/inputs",
            "apiVersion": "2021-10-01-preview",
            "name": "[concat(parameters('streamingjobs_IOTAKProjektASA_name'), '/IOTHUBAK2024')]",
            "dependsOn": [
                "[resourceId('Microsoft.StreamAnalytics/streamingjobs', parameters('streamingjobs_IOTAKProjektASA_name'))]"
            ],
            "properties": {
                "type": "Stream",
                "datasource": {
                    "type": "Microsoft.Devices/IotHubs",
                    "properties": {
                        "iotHubNamespace": "IOTHUBAK2024",
                        "sharedAccessPolicyName": "iothubowner",
                        "endpoint": "messages/events",
                        "consumerGroupName": "$Default"
                    }
                },
                "compression": {
                    "type": "None"
                },
                "serialization": {
                    "type": "Json",
                    "properties": {
                        "encoding": "UTF8"
                    }
                }
            }
        },
        {
            "type": "Microsoft.StreamAnalytics/streamingjobs/outputs",
            "apiVersion": "2021-10-01-preview",
            "name": "[concat(parameters('streamingjobs_IOTAKProjektASA_name'), '/deviceerrors')]",
            "dependsOn": [
                "[resourceId('Microsoft.StreamAnalytics/streamingjobs', parameters('streamingjobs_IOTAKProjektASA_name'))]"
            ],
            "properties": {
                "datasource": {
                    "type": "Microsoft.Storage/Blob",
                    "properties": {
                        "blobWriteMode": "Append",
                        "storageAccounts": [
                            {
                                "accountName": "storaccprojektak2024"
                            }
                        ],
                        "container": "deviceerrors",
                        "dateFormat": "yyyy/MM/dd",
                        "timeFormat": "HH",
                        "authenticationMode": "ConnectionString"
                    }
                },
                "serialization": {
                    "type": "Json",
                    "properties": {
                        "encoding": "UTF8",
                        "format": "LineSeparated"
                    }
                }
            }
        },
        {
            "type": "Microsoft.StreamAnalytics/streamingjobs/outputs",
            "apiVersion": "2021-10-01-preview",
            "name": "[concat(parameters('streamingjobs_IOTAKProjektASA_name'), '/deviceerrorsBus')]",
            "dependsOn": [
                "[resourceId('Microsoft.StreamAnalytics/streamingjobs', parameters('streamingjobs_IOTAKProjektASA_name'))]"
            ],
            "properties": {
                "datasource": {
                    "type": "Microsoft.ServiceBus/Queue",
                    "properties": {
                        "queueName": "deviceerrorsbus",
                        "propertyColumns": [
                            "deviceName"
                        ],
                        "systemPropertyColumns": {},
                        "serviceBusNamespace": "servicebusprojektak2024",
                        "sharedAccessPolicyName": "RootManageSharedAccessKey",
                        "authenticationMode": "ConnectionString"
                    }
                },
                "serialization": {
                    "type": "Json",
                    "properties": {
                        "encoding": "UTF8",
                        "format": "LineSeparated"
                    }
                }
            }
        },
        {
            "type": "Microsoft.StreamAnalytics/streamingjobs/outputs",
            "apiVersion": "2021-10-01-preview",
            "name": "[concat(parameters('streamingjobs_IOTAKProjektASA_name'), '/kpi')]",
            "dependsOn": [
                "[resourceId('Microsoft.StreamAnalytics/streamingjobs', parameters('streamingjobs_IOTAKProjektASA_name'))]"
            ],
            "properties": {
                "datasource": {
                    "type": "Microsoft.Storage/Blob",
                    "properties": {
                        "blobWriteMode": "Append",
                        "storageAccounts": [
                            {
                                "accountName": "storaccprojektak2024"
                            }
                        ],
                        "container": "kpi",
                        "dateFormat": "yyyy/MM/dd",
                        "timeFormat": "HH",
                        "authenticationMode": "ConnectionString"
                    }
                },
                "serialization": {
                    "type": "Json",
                    "properties": {
                        "encoding": "UTF8",
                        "format": "LineSeparated"
                    }
                }
            }
        },
        {
            "type": "Microsoft.StreamAnalytics/streamingjobs/outputs",
            "apiVersion": "2021-10-01-preview",
            "name": "[concat(parameters('streamingjobs_IOTAKProjektASA_name'), '/kpibus')]",
            "dependsOn": [
                "[resourceId('Microsoft.StreamAnalytics/streamingjobs', parameters('streamingjobs_IOTAKProjektASA_name'))]"
            ],
            "properties": {
                "datasource": {
                    "type": "Microsoft.ServiceBus/Queue",
                    "properties": {
                        "queueName": "kpibus",
                        "propertyColumns": [
                            "deviceName"
                        ],
                        "systemPropertyColumns": {},
                        "serviceBusNamespace": "servicebusprojektak2024",
                        "sharedAccessPolicyName": "RootManageSharedAccessKey",
                        "authenticationMode": "ConnectionString"
                    }
                },
                "serialization": {
                    "type": "Json",
                    "properties": {
                        "encoding": "UTF8",
                        "format": "LineSeparated"
                    }
                }
            }
        },
        {
            "type": "Microsoft.StreamAnalytics/streamingjobs/outputs",
            "apiVersion": "2021-10-01-preview",
            "name": "[concat(parameters('streamingjobs_IOTAKProjektASA_name'), '/temperatures')]",
            "dependsOn": [
                "[resourceId('Microsoft.StreamAnalytics/streamingjobs', parameters('streamingjobs_IOTAKProjektASA_name'))]"
            ],
            "properties": {
                "datasource": {
                    "type": "Microsoft.Storage/Blob",
                    "properties": {
                        "blobWriteMode": "Append",
                        "storageAccounts": [
                            {
                                "accountName": "storaccprojektak2024"
                            }
                        ],
                        "container": "temperatures",
                        "dateFormat": "yyyy/MM/dd",
                        "timeFormat": "HH",
                        "authenticationMode": "ConnectionString"
                    }
                },
                "serialization": {
                    "type": "Json",
                    "properties": {
                        "encoding": "UTF8",
                        "format": "LineSeparated"
                    }
                }
            }
        },
        {
            "type": "Microsoft.Storage/storageAccounts/blobServices/containers",
            "apiVersion": "2023-04-01",
            "name": "[concat(parameters('storageAccounts_storaccprojektak2024_name'), '/default/deviceerrors')]",
            "dependsOn": [
                "[resourceId('Microsoft.Storage/storageAccounts/blobServices', parameters('storageAccounts_storaccprojektak2024_name'), 'default')]",
                "[resourceId('Microsoft.Storage/storageAccounts', parameters('storageAccounts_storaccprojektak2024_name'))]"
            ],
            "properties": {
                "immutableStorageWithVersioning": {
                    "enabled": false
                },
                "defaultEncryptionScope": "$account-encryption-key",
                "denyEncryptionScopeOverride": false,
                "publicAccess": "None"
            }
        },
        {
            "type": "Microsoft.Storage/storageAccounts/blobServices/containers",
            "apiVersion": "2023-04-01",
            "name": "[concat(parameters('storageAccounts_storaccprojektak2024_name'), '/default/kpi')]",
            "dependsOn": [
                "[resourceId('Microsoft.Storage/storageAccounts/blobServices', parameters('storageAccounts_storaccprojektak2024_name'), 'default')]",
                "[resourceId('Microsoft.Storage/storageAccounts', parameters('storageAccounts_storaccprojektak2024_name'))]"
            ],
            "properties": {
                "immutableStorageWithVersioning": {
                    "enabled": false
                },
                "defaultEncryptionScope": "$account-encryption-key",
                "denyEncryptionScopeOverride": false,
                "publicAccess": "None"
            }
        },
        {
            "type": "Microsoft.Storage/storageAccounts/blobServices/containers",
            "apiVersion": "2023-04-01",
            "name": "[concat(parameters('storageAccounts_storaccprojektak2024_name'), '/default/temperatures')]",
            "dependsOn": [
                "[resourceId('Microsoft.Storage/storageAccounts/blobServices', parameters('storageAccounts_storaccprojektak2024_name'), 'default')]",
                "[resourceId('Microsoft.Storage/storageAccounts', parameters('storageAccounts_storaccprojektak2024_name'))]"
            ],
            "properties": {
                "immutableStorageWithVersioning": {
                    "enabled": false
                },
                "defaultEncryptionScope": "$account-encryption-key",
                "denyEncryptionScopeOverride": false,
                "publicAccess": "None"
            }
        }
    ]
}